Adresse,besparelse,årligt forbrug,last,best,mean,bkps,meter,bkps_value,total kwh,%
Mårslet,2635.5910252977437,5096.012882882883,0.5831879247668721,0.28118048780487803,0.4209698318919999,"[2865, 4170, 6415, 7905, 11285, 14885, 20010, 22190, 23210, 23715, 25635, 28710, 35037]",5.713131232003307e+17,"[0.9697801  0.31937931 0.28884633 0.34161745 0.35543787 0.33974722
 0.32309268 0.28922477 0.31230392 0.402      0.31770313 0.28118049
 0.58318792]",14749.52,51.718688430920025
